<?xml version="1.0" encoding="utf-8" ?>
<dwsync>
<file name="kim-polley.jpg" server="www.jona.co.za//ff.jona.co.za/" local="132653253174792241" remote="132653253000000000" Dst="0" />
<file name="lesego-tlhabi.jpg" server="www.jona.co.za//ff.jona.co.za/" local="132653251746286416" remote="132653253000000000" Dst="0" />
<file name="noeleen-maholwana-sangqu.jpg" server="www.jona.co.za//ff.jona.co.za/" local="132653248191187162" remote="132653253000000000" Dst="0" />
<file name="sedick-isaacs.jpg" server="www.jona.co.za//ff.jona.co.za/" local="132653252329167251" remote="132653253000000000" Dst="0" />
<file name="Akanyang-Masole.jpg" server="www.jona.co.za//ff.jona.co.za/" local="132665887146836175" remote="132665891400000000" Dst="0" />
<file name="Chris-Grieve.jpg" server="www.jona.co.za//ff.jona.co.za/" local="132665887502262613" remote="132665891400000000" Dst="0" />
<file name="Collin-Molepe.jpg" server="www.jona.co.za//ff.jona.co.za/" local="132665889286424867" remote="132665891400000000" Dst="0" />
<file name="Cloud-Saungweme.jpg" server="www.jona.co.za//ff.jona.co.za/" local="132665888562695350" remote="132665891400000000" Dst="0" />
<file name="David-Chow.jpg" server="www.jona.co.za//ff.jona.co.za/" local="132665889571963388" remote="132665891400000000" Dst="0" />
<file name="Dr-Thabi-Leoka.jpg" server="www.jona.co.za//ff.jona.co.za/" local="132665889998879173" remote="132665891400000000" Dst="0" />
<file name="Dziki-Nganunu.jpg" server="www.jona.co.za//ff.jona.co.za/" local="132665891137818943" remote="132665891400000000" Dst="0" />
<file name="Eddie-Mc-Kenzie.jpg" server="www.jona.co.za//ff.jona.co.za/" local="132665890972692404" remote="132665891400000000" Dst="0" />
<file name="Edwyn-O'Neill.jpg" server="www.jona.co.za//ff.jona.co.za/" local="132665890693835727" remote="132665891400000000" Dst="0" />
<file name="Ellen-Engelbrecht.jpg" server="www.jona.co.za//ff.jona.co.za/" local="132665852550915006" remote="132665891400000000" Dst="0" />
<file name="John-Heldsinger.jpg" server="www.jona.co.za//ff.jona.co.za/" local="132665852847235133" remote="132665891400000000" Dst="0" />
<file name="JP-Blignaut.jpg" server="www.jona.co.za//ff.jona.co.za/" local="132665853568944930" remote="132665891400000000" Dst="0" />
<file name="JP-Landman.jpg" server="www.jona.co.za//ff.jona.co.za/" local="132665855656078870" remote="132665891400000000" Dst="0" />
<file name="Kim-Polley.jpg" server="www.jona.co.za//ff.jona.co.za/" local="132665856074417203" remote="132665891400000000" Dst="0" />
<file name="Kishore-Maharaj.jpg" server="www.jona.co.za//ff.jona.co.za/" local="132665857090040931" remote="132665891400000000" Dst="0" />
<file name="Lesego-Tlhabi.jpg" server="www.jona.co.za//ff.jona.co.za/" local="132665857451870145" remote="132665891400000000" Dst="0" />
<file name="Lukas-Marquart.jpg" server="www.jona.co.za//ff.jona.co.za/" local="132665867517364234" remote="132665891400000000" Dst="0" />
<file name="Moroesi-Mokhabi.jpg" server="www.jona.co.za//ff.jona.co.za/" local="132665860731467308" remote="132665891400000000" Dst="0" />
<file name="Ncumisa-Mtshali.jpg" server="www.jona.co.za//ff.jona.co.za/" local="132665861122934499" remote="132665891400000000" Dst="0" />
<file name="Nicholas-Francis.jpg" server="www.jona.co.za//ff.jona.co.za/" local="132665867100692141" remote="132665891400000000" Dst="0" />
<file name="Noeleen-Maholwana-Sangqu.jpg" server="www.jona.co.za//ff.jona.co.za/" local="132665861688747903" remote="132665891400000000" Dst="0" />
<file name="Pieter-Pieterse.jpg" server="www.jona.co.za//ff.jona.co.za/" local="132665862044561027" remote="132665891400000000" Dst="0" />
<file name="Reynier-Rautenbach.jpg" server="www.jona.co.za//ff.jona.co.za/" local="132665862494426009" remote="132665891400000000" Dst="0" />
<file name="Robert-Hodgkiss.jpg" server="www.jona.co.za//ff.jona.co.za/" local="132665862879441177" remote="132665891400000000" Dst="0" />
<file name="Sedick-Isaacs.jpg" server="www.jona.co.za//ff.jona.co.za/" local="132665866561516455" remote="132665891400000000" Dst="0" />
<file name="Shupikayi-Kasayi.jpg" server="www.jona.co.za//ff.jona.co.za/" local="132665863843827689" remote="132665891400000000" Dst="0" />
<file name="Uzair-Essack.jpg" server="www.jona.co.za//ff.jona.co.za/" local="132665864292029141" remote="132665891400000000" Dst="0" />
<file name="Wim-Morland.jpg" server="www.jona.co.za//ff.jona.co.za/" local="132665864764716038" remote="132665891400000000" Dst="0" />
<file name="Yulandi-van-Dyk.jpg" server="www.jona.co.za//ff.jona.co.za/" local="132665865328696409" remote="132665891400000000" Dst="0" />
</dwsync>