<?xml version="1.0" encoding="utf-8" ?>
<dwsync>
<file name="lobby-5120x2880.jpg" server="www.jona.co.za//ff.jona.co.za/" local="132626990560928238" remote="132647958000000000" Dst="0" />
<file name="arrow-banner-left.png" server="www.jona.co.za//ff.jona.co.za/" local="132627013332706461" remote="132647958000000000" Dst="0" />
<file name="arrow-banner-left.psd" server="www.jona.co.za//ff.jona.co.za/" local="132627011459508876" remote="132627013800000000" Dst="0" />
<file name="a-buy-me-a-coffee-990314_1920.jpg" server="www.jona.co.za//ff.jona.co.za/" local="132626967573248033" remote="132647958000000000" Dst="0" />
<file name="arrow-banner-right.png" server="www.jona.co.za//ff.jona.co.za/" local="132627013526236672" remote="132647958000000000" Dst="0" />
<file name="arrow-banner-right.psd" server="www.jona.co.za//ff.jona.co.za/" local="132627011269277855" remote="132627013800000000" Dst="0" />
<file name="labels-4963635_1280.png" server="www.jona.co.za//ff.jona.co.za/" local="132626968749484557" remote="132647958000000000" Dst="0" />
<file name="ribbon-banner.png" server="www.jona.co.za//ff.jona.co.za/" local="132627013738240539" remote="132647958000000000" Dst="0" />
<file name="tape-2410588_1280.png" server="www.jona.co.za//ff.jona.co.za/" local="132626968287577381" remote="132647958000000000" Dst="0" />
<file name="pexels-max-vakhtbovych-6032418.jpg" server="www.jona.co.za//ff.jona.co.za/" local="132626964141299939" remote="132647958000000000" Dst="0" />
<file name="background.jpg" server="www.jona.co.za//ff.jona.co.za/" local="132645027283611603" remote="132647958000000000" Dst="0" />
<file name="banner.jpg" server="www.jona.co.za//ff.jona.co.za/" local="132645027283641596" remote="132647958000000000" Dst="0" />
<file name="bg1.jpg" server="www.jona.co.za//ff.jona.co.za/" local="132645027283761508" remote="132647958000000000" Dst="0" />
<file name="bg1d.jpg" server="www.jona.co.za//ff.jona.co.za/" local="132645027283851460" remote="132647958000000000" Dst="0" />
<file name="bg2.jpg" server="www.jona.co.za//ff.jona.co.za/" local="132645027284021347" remote="132647958000000000" Dst="0" />
<file name="bg2d.jpg" server="www.jona.co.za//ff.jona.co.za/" local="132645027284161259" remote="132647958000000000" Dst="0" />
<file name="bg3.jpg" server="www.jona.co.za//ff.jona.co.za/" local="132645027284291198" remote="132647958000000000" Dst="0" />
<file name="loginbanner.jpg" server="www.jona.co.za//ff.jona.co.za/" local="132645027284571006" remote="132647958000000000" Dst="0" />
<file name="bg3d.jpg" server="www.jona.co.za//ff.jona.co.za/" local="132645027284401113" remote="132647958000000000" Dst="0" />
<file name="logo.png" server="www.jona.co.za//ff.jona.co.za/" local="132645027284630972" remote="132647958000000000" Dst="0" />
<file name="landingbg.jpg" server="www.jona.co.za//ff.jona.co.za/" local="132645027284531040" remote="132647958000000000" Dst="0" />
<file name="loginbanners.jpg" server="www.jona.co.za//ff.jona.co.za/" local="132645027284610982" remote="132647958000000000" Dst="0" />
<file name="regbg.jpg" server="www.jona.co.za//ff.jona.co.za/" local="132645027284730924" remote="132647958000000000" Dst="0" />
<file name="loader.png" server="www.jona.co.za//ff.jona.co.za/" local="132647799601401758" remote="132647958000000000" Dst="0" />
<file name="logo_sm.png" server="www.jona.co.za//ff.jona.co.za/" local="132647798531288520" remote="132647958000000000" Dst="0" />
<file name="automation.jpg" server="www.jona.co.za//ff.jona.co.za/" local="132647957388098651" remote="132647958000000000" Dst="0" />
<file name="claims.png" server="www.jona.co.za//ff.jona.co.za/" local="132647956959174514" remote="132647958000000000" Dst="0" />
<file name="underwriting.jpg" server="www.jona.co.za//ff.jona.co.za/" local="132647957180182540" remote="132647958000000000" Dst="0" />
<file name="nopic.png" server="www.jona.co.za//ff.jona.co.za/" local="132647959261743916" remote="132647959200000000" Dst="0" />
<file name="room-strip-01.png" server="www.jona.co.za//ff.jona.co.za/" local="132664828768807193" remote="132664831200000000" Dst="0" />
<file name="room-fold-01.png" server="www.jona.co.za//ff.jona.co.za/" local="132664859416585994" remote="132664859400000000" Dst="0" />
<file name="room-strip-02.png" server="www.jona.co.za//ff.jona.co.za/" local="132664954169286360" remote="132664954800000000" Dst="0" />
<file name="room-fold-02.png" server="www.jona.co.za//ff.jona.co.za/" local="132666590536991447" remote="132666590400000000" Dst="0" />
<file name="room-fold-03.png" server="www.jona.co.za//ff.jona.co.za/" local="132665028915323398" remote="132665028600000000" Dst="0" />
<file name="room-fold-04.png" server="www.jona.co.za//ff.jona.co.za/" local="132665066277540060" remote="132665066400000000" Dst="0" />
<file name="room-fold-05.png" server="www.jona.co.za//ff.jona.co.za/" local="132666572518822586" remote="132666572400000000" Dst="0" />
</dwsync>