<?xml version="1.0" encoding="utf-8" ?>
<dwsync>
<file name="bootstrap.js" server="www.jona.co.za//ff.jona.co.za/" local="132555430730000000" remote="132653226000000000" Dst="0" />
<file name="bootstrap.min.js" server="www.jona.co.za//ff.jona.co.za/" local="132555430730000000" remote="132653226000000000" Dst="0" />
<file name="jquery-3.3.1.min.js" server="www.jona.co.za//ff.jona.co.za/" local="131653606010000000" remote="132626987400000000" Dst="0" />
<file name="owl.carousel.min.js" server="www.jona.co.za//ff.jona.co.za/" local="132645027288038853" remote="132645053400000000" Dst="0" />
<file name="venobox.min.js" server="www.jona.co.za//ff.jona.co.za/" local="132645027288118800" remote="132645053400000000" Dst="0" />
<file name="animated.headline.js" server="www.jona.co.za//ff.jona.co.za/" local="132647774576090881" remote="132647790000000000" Dst="0" />
<file name="jquery-1.12.4.min.js" server="www.jona.co.za//ff.jona.co.za/" local="132647774276636641" remote="132647790000000000" Dst="0" />
<file name="gijgo.min.js" server="www.jona.co.za//ff.jona.co.za/" local="132647774666283536" remote="132647790000000000" Dst="0" />
<file name="jquery.countdown.min.js" server="www.jona.co.za//ff.jona.co.za/" local="132647774907525061" remote="132647790000000000" Dst="0" />
<file name="jquery.counterup.min.js" server="www.jona.co.za//ff.jona.co.za/" local="132647774815289640" remote="132647790000000000" Dst="0" />
<file name="jquery.magnific-popup.js" server="www.jona.co.za//ff.jona.co.za/" local="132647774621557222" remote="132647790000000000" Dst="0" />
<file name="jquery.nice-select.min.js" server="www.jona.co.za//ff.jona.co.za/" local="132647774721214135" remote="132647790000000000" Dst="0" />
<file name="jquery.slicknav.min.js" server="www.jona.co.za//ff.jona.co.za/" local="132647774419982788" remote="132647790000000000" Dst="0" />
<file name="jquery.sticky.js" server="www.jona.co.za//ff.jona.co.za/" local="132647774766167448" remote="132647790000000000" Dst="0" />
<file name="main.js" server="www.jona.co.za//ff.jona.co.za/" local="132656636234409900" remote="132656635800000000" Dst="0" />
<file name="modernizr-3.5.0.min.js" server="www.jona.co.za//ff.jona.co.za/" local="132647774200731427" remote="132647790000000000" Dst="0" />
<file name="plugins.js" server="www.jona.co.za//ff.jona.co.za/" local="132647775849285753" remote="132647790000000000" Dst="0" />
<file name="popper.min.js" server="www.jona.co.za//ff.jona.co.za/" local="132647774337595077" remote="132647790000000000" Dst="0" />
<file name="slick.min.js" server="www.jona.co.za//ff.jona.co.za/" local="132647774473159574" remote="132647790000000000" Dst="0" />
<file name="waypoints.min.js" server="www.jona.co.za//ff.jona.co.za/" local="132647774863372484" remote="132647790000000000" Dst="0" />
<file name="wow.min.js" server="www.jona.co.za//ff.jona.co.za/" local="132647774530597296" remote="132647790000000000" Dst="0" />
<file name="bootstrap.min.js.map" server="www.jona.co.za//ff.jona.co.za/" local="132555430730000000" remote="132653226000000000" Dst="0" />
<file name="ics.deps.min.js" server="www.jona.co.za//ff.jona.co.za/" local="131865247450000000" remote="132666049800000000" Dst="0" />
<file name="ics.min.js" server="www.jona.co.za//ff.jona.co.za/" local="131865247450000000" remote="132666049800000000" Dst="0" />
</dwsync>